experiment,epoch,train_loss,train_acc,val_loss,val_acc
B1_scratch,1,2.325574769728349,0.16225875625446748,2.0405897013346355,0.25333333333333335
B1_scratch,2,1.98641322628782,0.24731951393852752,2.4105270020167033,0.25666666666666665
B1_scratch,3,1.8942181449689721,0.3080771979985704,1.85228449344635,0.3233333333333333
B1_scratch,4,1.8685926988007258,0.29592566118656183,1.991711015701294,0.31
B1_scratch,5,1.710123982064804,0.38527519656897785,2.0343552096684774,0.31
B1_scratch,6,1.6035269606190123,0.42315939957112225,1.7136829121907553,0.37
B1_scratch,7,1.52657843019555,0.4453180843459614,1.9818139966328938,0.30333333333333334
B1_scratch,8,1.4597856400266898,0.4731951393852752,1.5987361097335815,0.4066666666666667
B1_scratch,9,1.3914580754163524,0.498927805575411,2.261052916844686,0.37666666666666665
B1_scratch,10,1.2818987503317614,0.5318084345961401,1.6796547953287762,0.4766666666666667
B1_scratch,11,1.2538636946695203,0.5346676197283774,2.26482616742452,0.38333333333333336
B1_scratch,12,1.2173593134603984,0.5675482487491065,2.5684051084518433,0.36666666666666664
B1_scratch,13,1.1209260751043923,0.5939957112223017,1.5227918608983357,0.4633333333333333
B1_scratch,14,1.0196018446505795,0.6268763402430307,1.6367893393834432,0.4633333333333333
B1_scratch,15,1.0090544672843982,0.636168691922802,1.8762458531061807,0.44333333333333336
B1_scratch,16,0.9048012942395268,0.6640457469621158,2.2808891328175864,0.39
B1_scratch,17,0.8384345170001288,0.6947819871336669,1.586402449607849,0.4866666666666667
B1_scratch,18,0.8687219595892076,0.679771265189421,1.4441695229212443,0.5066666666666667
B1_scratch,19,0.8352721946592242,0.7047891350964975,1.6539115619659424,0.5
B1_scratch,20,0.7437419461045118,0.7262330235882773,1.576422012646993,0.5266666666666666
B1_scratch,21,0.7201637148090223,0.7305218012866334,1.2590021626154582,0.5866666666666667
B1_scratch,22,0.6839146902937817,0.7505360972122945,1.7290158462524414,0.49333333333333335
B1_scratch,23,0.6483568663977145,0.773409578270193,1.7034270890553793,0.47333333333333333
B1_scratch,24,0.6085450398316973,0.7855611150822016,1.3533212614059449,0.5733333333333334
B1_scratch,25,0.6148996293928216,0.7705503931379557,1.588468411763509,0.49
B1_scratch,26,0.5892643296266983,0.7891350964974982,1.282362174987793,0.5833333333333334
B2_feature_extraction,1,1.2059505084653341,0.6461758398856325,0.5878603172302246,0.8766666666666667
B2_feature_extraction,2,0.4811284248960112,0.8842030021443888,0.37487922271092733,0.92
B2_feature_extraction,3,0.35084476029557615,0.9149392423159399,0.29385870933532715,0.9166666666666666
B2_feature_extraction,4,0.2934585215578427,0.9170836311651179,0.27586909135182697,0.92
B2_feature_extraction,5,0.25313527256868157,0.9313795568263045,0.23417263666788737,0.9266666666666666
B2_feature_extraction,6,0.23633741246026443,0.9278055754110078,0.2643498917420705,0.9
B2_feature_extraction,7,0.2150034298101777,0.9392423159399571,0.21778442104657492,0.9266666666666666
B2_feature_extraction,8,0.20458087867247027,0.9471050750536097,0.19549848119417826,0.94
B2_feature_extraction,9,0.18014752852056093,0.9513938527519656,0.2122325611114502,0.91
B2_feature_extraction,10,0.18873633204122542,0.9449606862044317,0.18361302336057028,0.9366666666666666
B2_feature_extraction,11,0.18420961029492078,0.9449606862044317,0.18299284716447195,0.9433333333333334
B2_feature_extraction,12,0.17670838625368004,0.9428162973552537,0.18247225125630698,0.93
B2_feature_extraction,13,0.16435381303607266,0.9506790564689064,0.18313532928625742,0.9333333333333333
B2_feature_extraction,14,0.15983970684822837,0.9506790564689064,0.17570070266723634,0.9333333333333333
B2_feature_extraction,15,0.15279353257159492,0.947819871336669,0.1921121390660604,0.9166666666666666
B2_feature_extraction,16,0.14628130851514515,0.9535382416011436,0.16362590531508128,0.94
B2_feature_extraction,17,0.14089497088789513,0.9599714081486777,0.1610921186208725,0.9466666666666667
B2_feature_extraction,18,0.14441088953450204,0.9471050750536097,0.15873275260130565,0.9366666666666666
B2_feature_extraction,19,0.12330183133301861,0.9628305932809149,0.1674710088968277,0.93
B2_feature_extraction,20,0.13728701210367075,0.9592566118656183,0.16388485848903656,0.94
B2_feature_extraction,21,0.12686218044922298,0.9592566118656183,0.1646422751744588,0.9366666666666666
B2_feature_extraction,22,0.12581744943455853,0.9621157969978557,0.18987132946650187,0.92
B2_feature_extraction,23,0.11584605720743611,0.9614010007147963,0.16490565458933512,0.9366666666666666
B3_finetune,1,0.7215380771318617,0.7769835596854896,0.23329358100891112,0.9133333333333333
B3_finetune,2,0.21629295835246182,0.9306647605432452,0.1810205864906311,0.9366666666666666
B3_finetune,3,0.13089214519646186,0.9656897784131523,0.16551925083001454,0.9366666666666666
B3_finetune,4,0.07867121358826128,0.9814152966404575,0.1892489618062973,0.9366666666666666
B3_finetune,5,0.06577381238692824,0.9814152966404575,0.17287160168091456,0.9266666666666666
B3_finetune,6,0.04306855610571136,0.9892780557541101,0.21096710284550985,0.92
B3_finetune,7,0.03401321067798981,0.9907076483202287,0.18486082722743352,0.9166666666666666
B3_finetune,8,0.022260399814561977,0.995711222301644,0.19628541072209676,0.9233333333333333
B4_finetune_no_aug,1,0.6534968847149265,0.806290207290922,0.21932545373837153,0.92
B4_finetune_no_aug,2,0.10554398350774433,0.9785561115082202,0.1694419883688291,0.94
B4_finetune_no_aug,3,0.0322960343337042,0.9985704074338814,0.16754680186510085,0.93
B4_finetune_no_aug,4,0.016239021561928014,0.9992852037169406,0.16389786457022032,0.9533333333333334
B4_finetune_no_aug,5,0.009296484076197634,0.9992852037169406,0.158936970581611,0.9533333333333334
B4_finetune_no_aug,6,0.005584759485932483,1.0,0.16618077461918196,0.9466666666666667
B4_finetune_no_aug,7,0.003311255006945084,1.0,0.15831638142466545,0.9466666666666667
B4_finetune_no_aug,8,0.003295995915319246,1.0,0.14578270882368088,0.95
B4_finetune_no_aug,9,0.0027906927346698592,1.0,0.14967150603731474,0.9466666666666667
B4_finetune_no_aug,10,0.002461855020840054,1.0,0.15903742730617523,0.94
B4_finetune_no_aug,11,0.0018337537645042113,1.0,0.16655245184898376,0.9366666666666666
B4_finetune_no_aug,12,0.0016803222713729711,1.0,0.15774671485026678,0.9433333333333334
B4_finetune_no_aug,13,0.0015686138511753192,1.0,0.1536042010784149,0.9533333333333334
B5_effnet_b0_feature,1,1.0246979770616091,0.777698355968549,0.40089987953503925,0.9166666666666666
B5_effnet_b0_feature,2,0.3458642427029995,0.9113652609006433,0.26292133967081704,0.9366666666666666
B5_effnet_b0_feature,3,0.24914183772786164,0.9256611865618298,0.21676903347174326,0.9433333333333334
B5_effnet_b0_feature,4,0.2067392690212408,0.947819871336669,0.1888683380683263,0.9533333333333334
B5_effnet_b0_feature,5,0.17713506018118486,0.9571122230164403,0.1682174199819565,0.9566666666666667
B5_effnet_b0_feature,6,0.16553192780092837,0.9528234453180844,0.15325946400562923,0.9666666666666667
B5_effnet_b0_feature,7,0.14828746500102175,0.9606862044317369,0.14795909961064657,0.96
B5_effnet_b0_feature,8,0.14474153509623158,0.958541815582559,0.13999273548523586,0.96
B5_effnet_b0_feature,9,0.1307979269143596,0.956397426733381,0.1345457578698794,0.9633333333333334
B5_effnet_b0_feature,10,0.1361190621195903,0.958541815582559,0.1360307768980662,0.9566666666666667
B5_effnet_b0_feature,11,0.1144282329798256,0.9728377412437456,0.12491667995850245,0.9633333333333334
B5_effnet_b0_feature,12,0.11015828163645965,0.9699785561115082,0.12316314140955607,0.97
B5_effnet_b0_feature,13,0.1033049428075275,0.9728377412437456,0.12006987571716309,0.96
B5_effnet_b0_feature,14,0.10448748102309109,0.9649749821300929,0.11996303478876749,0.9666666666666667
B5_effnet_b0_feature,15,0.09168636401831635,0.9735525375268048,0.11761824856201808,0.97
B5_effnet_b0_feature,16,0.09523086489482468,0.9692637598284489,0.11872994273900986,0.9733333333333334
B5_effnet_b0_feature,17,0.08763268170578724,0.9735525375268048,0.11586165318886439,0.97
B5_effnet_b0_feature,18,0.09062792785769279,0.9756969263759828,0.1113461384177208,0.9733333333333334
B5_effnet_b0_feature,19,0.07902652533289532,0.9792709077912795,0.11094655632972718,0.9666666666666667
B5_effnet_b0_feature,20,0.0864161433861075,0.9771265189421015,0.10359626968701681,0.9633333333333334
B5_effnet_b0_feature,21,0.0838736096680633,0.9799857040743388,0.10765375306208928,0.97
B5_effnet_b0_feature,22,0.08407064293477261,0.9742673338098642,0.11050482640663782,0.9666666666666667
B5_effnet_b0_feature,23,0.07423133423832845,0.9842744817726948,0.10473282004396121,0.9633333333333334
B5_effnet_b0_feature,24,0.08364298030483756,0.9742673338098642,0.10363892003893853,0.97
B5_effnet_b0_feature,25,0.07673143384561443,0.9807005003573981,0.10177965665856997,0.97
B5_effnet_b0_feature,26,0.07496172274390317,0.9792709077912795,0.09863323961695035,0.9766666666666667
B5_effnet_b0_feature,27,0.07940309066285484,0.9778413152251608,0.09735466813047727,0.9766666666666667
B5_effnet_b0_feature,28,0.07144751888916184,0.9828448892065761,0.09550866400202115,0.9666666666666667
B5_effnet_b0_feature,29,0.0771671278672486,0.9749821300929236,0.09334581409891446,0.9733333333333334
B5_effnet_b0_feature,30,0.06615172313250671,0.9814152966404575,0.09512439355254174,0.9666666666666667
